intervalType,startFrame,endFrame,amplitude,pGS,pGF
GazeFixation,0,9,12.77269,0.3400515,0.6590192
GazeShift,9,24,52.21154,0.605033,0.3817199
GazeFixation,24,185,33.15296,0.3893502,0.6101435
GazeShift,185,191,22.84104,0.6711173,0.3235801
GazeFixation,191,201,5.811531,0.1669347,0.8350427
GazeShift,201,224,44.97964,0.6775413,0.3225365
